{"name":"896048b0-9cdb-4339-94e1-25d4192e976b","id":"/providers/Microsoft.Flow/flows/896048b0-9cdb-4339-94e1-25d4192e976b","type":"Microsoft.Flow/flows","properties":{"apiId":"/providers/Microsoft.PowerApps/apis/shared_logicflows","displayName":"M365 DD Group Request Flow - PowerApps and Flow ","definition":{"metadata":{"workflowEntityId":null,"creator":{"id":"61b534e5-dfd0-4159-8e06-ca5a47591a05","type":"User","tenantId":"d4ea0a05-80e7-476d-826c-04659ee0ff11"},"provisioningMethod":"FromDefinition","failureAlertSubscription":true,"clientLastModifiedTime":"2019-09-08T23:50:07.5563359Z"},"$schema":"https://schema.management.azure.com/providers/Microsoft.Logic/schemas/2016-06-01/workflowdefinition.json#","contentVersion":"1.0.0.0","parameters":{"$connections":{"defaultValue":{},"type":"Object"},"$authentication":{"defaultValue":{},"type":"SecureObject"},"sharepoint.site":{"defaultValue":"","type":"String"},"sharepoint.list":{"defaultValue":"","type":"String"}},"triggers":{"When_a_new_item_is_created":{"recurrence":{"interval":1,"frequency":"Minute"},"splitOn":"@triggerBody()?.value","metadata":{"flowSystemMetadata":{"swaggerOperationId":"GetOnNewItems"}},"type":"ApiConnection","inputs":{"host":{"connection":{"name":"@parameters('$connections')['shared_sharepointonline']['connectionId']"},"api":{"runtimeUrl":"https://australia-001.azure-apim.net/apim/sharepointonline"}},"method":"get","path":"/datasets/@{encodeURIComponent(encodeURIComponent('https://m365x432826.sharepoint.com'))}/tables/@{encodeURIComponent(encodeURIComponent('dbeca040-1426-4bac-b627-d8bba65f2431'))}/onnewitems","authentication":"@parameters('$authentication')"},"conditions":[]}},"actions":{"Start_an_approval":{"runAfter":{"ClientSecret":["Succeeded"]},"metadata":{"flowSystemMetadata":{"swaggerOperationId":"approvalSubscribe"}},"type":"ApiConnectionWebhook","inputs":{"host":{"connection":{"name":"@parameters('$connections')['shared_approvals']['connectionId']"},"api":{"runtimeUrl":"https://australia-001.azure-apim.net/apim/approvals"}},"body":{"NotificationUrl":"@listCallbackUrl()","title":"New @{triggerBody()?['Title']} Group Request Requires Your Approval","assignedTo":"admin@365teams.club","details":"@{triggerBody()?['Author']?['DisplayName']} at @{triggerBody()?['Created']}\nGroup Request Details:\nGroup Name: @{triggerBody()?['Title']}\nDescription: @{triggerBody()?['Description']}\nCreate Team: @{if(triggerBody()?['CreateTeam'], 'Yes', 'No')}\nGroup Owner:  @{triggerBody()?['GroupOwner']?['DisplayName']}, @{triggerBody()?['GroupOwner']?['Email']}, @{triggerBody()?['GroupOwner']?['JobTitle']}","itemLink":"@triggerBody()?['{Link}']","itemLinkDescription":"@{triggerBody()?['{Name}']}  Group Request"},"path":"/basic/$subscriptions","authentication":"@parameters('$authentication')"}},"If_Request_Was_Approved":{"actions":{"Inform_item_creator_of_approval":{"runAfter":{},"metadata":{"flowSystemMetadata":{"swaggerOperationId":"SendEmail"}},"type":"ApiConnection","inputs":{"host":{"connection":{"name":"@parameters('$connections')['shared_office365']['connectionId']"},"api":{"runtimeUrl":"https://australia-001.azure-apim.net/apim/office365"}},"method":"post","body":{"To":"@{triggerBody()?['Author']?['Email']};@{body('Record_Approval')?['GroupOwner']?['Email']};","Subject":"Approved: @{triggerBody()?['Title']} Group Request","Body":"Your request for @{triggerBody()?['Title']} has been approved by @{body('Start_an_approval')?['responder']?['displayName']}. Comments (if any): @{body('Start_an_approval')?['comments']}"},"path":"/Mail","authentication":"@parameters('$authentication')"}},"Condition":{"actions":{"Update_item":{"runAfter":{},"metadata":{"flowSystemMetadata":{"swaggerOperationId":"PatchItem"}},"type":"ApiConnection","inputs":{"host":{"connection":{"name":"@parameters('$connections')['shared_sharepointonline']['connectionId']"},"api":{"runtimeUrl":"https://australia-001.azure-apim.net/apim/sharepointonline"}},"method":"patch","body":{"Title":"@body('Record_Approval')['Title']","Description":"@body('Record_Approval')['Description']","EmailAlias":"@body('Record_Approval')['EmailAlias']","EmailEnabled":"@body('Record_Approval')?['EmailEnabled']","GroupOwner":{"@@odata.type":"#Microsoft.Azure.Connectors.SharePoint.SPListExpandedUser","Claims":"@body('Record_Approval')?['GroupOwner']?['Claims']"},"IsPrivate":"@body('Record_Approval')?['IsPrivate']","CreateTeam":"@body('Record_Approval')?['CreateTeam']","TeamChannel1Name":"@body('Record_Approval')?['TeamChannel1Name']","TeamChannel1Description":"@body('Record_Approval')?['TeamChannel1Description']","TeamChannel2Name":"@body('Record_Approval')?['TeamChannel2Name']","TeamChannel2Description":"@body('Record_Approval')?['TeamChannel2Description']","createPlanner":"@body('Record_Approval')?['createPlanner']","PlannerTitle":"@body('Record_Approval')?['PlannerTitle']","CreateNotebook":"@body('Record_Approval')?['CreateNotebook']","NotebookTitle":"@body('Record_Approval')?['NotebookTitle']","Status":{"@@odata.type":"#Microsoft.Azure.Connectors.SharePoint.SPListExpandedReference","Value":"Completed"},"History":"@{body('Record_Approval')?['History']}\n"},"path":"/datasets/@{encodeURIComponent(encodeURIComponent('https://m365x432826.sharepoint.com'))}/tables/@{encodeURIComponent(encodeURIComponent('dbeca040-1426-4bac-b627-d8bba65f2431'))}/items/@{encodeURIComponent(body('Record_Approval')?['ID'])}","authentication":"@parameters('$authentication')"}},"Send_an_email_-_Completed":{"runAfter":{"Update_item":["Succeeded"]},"metadata":{"flowSystemMetadata":{"swaggerOperationId":"SendEmail"}},"type":"ApiConnection","inputs":{"host":{"connection":{"name":"@parameters('$connections')['shared_office365']['connectionId']"},"api":{"runtimeUrl":"https://australia-001.azure-apim.net/apim/office365"}},"method":"post","body":{"To":"@{body('Update_item')?['GroupOwner']?['Email']};@{body('Update_item')?['GroupOwner']?['Email']};","Subject":"Your @{body('Update_item')['Title']} Teams Has Been Created","Body":"Your Team named \"@{body('Update_item')['Title']}\" has been created.  The details of the Teams are as following\n\nTeams Name is @{body('Parse_Teams_Creation_JSON')?['displayName']}\nTeams Description @{body('Parse_Teams_Creation_JSON')?['description']}\nTeams URL is @{body('Parse_Teams_Creation_JSON')?['webUrl']}\n\n\n\n  "},"path":"/Mail","authentication":"@parameters('$authentication')"}}},"runAfter":{"Parse_Teams_Creation_JSON":["Succeeded"]},"else":{"actions":{"Update_SharePoint_List_-_Error":{"runAfter":{},"metadata":{"flowSystemMetadata":{"swaggerOperationId":"PatchItem"}},"type":"ApiConnection","inputs":{"host":{"connection":{"name":"@parameters('$connections')['shared_sharepointonline']['connectionId']"},"api":{"runtimeUrl":"https://australia-001.azure-apim.net/apim/sharepointonline"}},"method":"patch","body":{"Title":"@body('Record_Approval')['Title']","Description":"@body('Record_Approval')['Description']","EmailAlias":"@body('Record_Approval')['EmailAlias']","EmailEnabled":"@body('Record_Approval')?['EmailEnabled']","GroupOwner":{"@@odata.type":"#Microsoft.Azure.Connectors.SharePoint.SPListExpandedUser","Claims":"@body('Record_Approval')?['GroupOwner']?['Claims']"},"IsPrivate":"@body('Record_Approval')?['IsPrivate']","CreateTeam":"@body('Record_Approval')?['CreateTeam']","TeamChannel1Name":"@body('Record_Approval')?['TeamChannel1Name']","TeamChannel1Description":"@body('Record_Approval')?['TeamChannel1Description']","TeamChannel2Name":"@body('Record_Approval')?['TeamChannel2Name']","TeamChannel2Description":"@body('Record_Approval')?['TeamChannel2Description']","createPlanner":"@body('Record_Approval')?['createPlanner']","PlannerTitle":"@body('Record_Approval')?['PlannerTitle']","CreateNotebook":"@body('Record_Approval')?['CreateNotebook']","NotebookTitle":"@body('Record_Approval')?['NotebookTitle']","Status":{"@@odata.type":"#Microsoft.Azure.Connectors.SharePoint.SPListExpandedReference","Value":"Error"},"History":"@{body('Record_Approval')?['History']}\n"},"path":"/datasets/@{encodeURIComponent(encodeURIComponent('https://m365x432826.sharepoint.com'))}/tables/@{encodeURIComponent(encodeURIComponent('dbeca040-1426-4bac-b627-d8bba65f2431'))}/items/@{encodeURIComponent(body('Record_Approval')?['ID'])}","authentication":"@parameters('$authentication')"}},"Send_an_email":{"runAfter":{"Update_SharePoint_List_-_Error":["Succeeded"]},"metadata":{"flowSystemMetadata":{"swaggerOperationId":"SendEmail"}},"type":"ApiConnection","inputs":{"host":{"connection":{"name":"@parameters('$connections')['shared_office365']['connectionId']"},"api":{"runtimeUrl":"https://australia-001.azure-apim.net/apim/office365"}},"method":"post","body":{"To":"@{body('Record_Approval')?['Author']?['Email']};@{body('Record_Approval')?['GroupOwner']?['Email']};","Subject":"Error in creating Teams @{body('Update_SharePoint_List_-_Error')['Title']}","Body":"There was an error while creating Teams  @{body('Update_SharePoint_List_-_Error')['Title']}\n"},"path":"/Mail","authentication":"@parameters('$authentication')"}}}},"expression":"@not(equals(body('Parse_Teams_Creation_JSON')?['id'], null))","type":"If"},"Create_Group_using_the_Graph_API_Call_":{"runAfter":{"Inform_item_creator_of_approval":["Succeeded"]},"type":"Http","inputs":{"method":"POST","uri":"https://graph.microsoft.com/v1.0/groups","body":{"description":"@body('Record_Approval')['Description']","displayName":"@body('Record_Approval')?['{Name}']","groupTypes":["Unified"],"mailEnabled":true,"mailNickname":"@body('Record_Approval')['EmailAlias']","securityEnabled":false},"authentication":{"type":"ActiveDirectoryOAuth","tenant":"@variables('TenantID')","audience":"https://graph.microsoft.com","clientId":"@body('KV_ClientID')?['value']","secret":"@body('KV_ClientSecret')?['value']"}}},"Convert_the_previouly_created_group_to_MS_Teams":{"runAfter":{"Set_Owner_on_the_newly_created_Group":["Succeeded"]},"type":"Http","inputs":{"method":"PUT","uri":"https://graph.microsoft.com/v1.0/groups/@{body('Parse_JSON_from_previous_Group_Creation')?['id']}/team","body":{"memberSettings":{"allowCreateUpdateChannels":true},"messagingSettings":{"allowUserEditMessages":true,"allowUserDeleteMessages":true},"funSettings":{"allowGiphy":true,"giphyContentRating":"strict"}},"authentication":{"type":"ActiveDirectoryOAuth","tenant":"@variables('TenantID')","audience":"https://graph.microsoft.com","clientId":"@variables('ClientID')","secret":"@variables('ClientSecret')"}}},"Parse_JSON_from_previous_Group_Creation":{"runAfter":{"Create_Group_using_the_Graph_API_Call_":["Succeeded"]},"type":"ParseJson","inputs":{"content":"@body('Create_Group_using_the_Graph_API_Call_')","schema":{"type":"object","properties":{"id":{"type":"string"},"description":{"type":"string"},"displayName":{"type":"string"},"mail":{"type":"string"},"createdDateTime":{"type":"string"},"@@odata.context":{"type":"string"},"deletedDateTime":{},"classification":{},"creationOptions":{"type":"array"},"groupTypes":{"type":"array","items":{"type":"string"}},"isAssignableToRole":{},"mailEnabled":{"type":"boolean"},"mailNickname":{"type":"string"},"onPremisesLastSyncDateTime":{},"onPremisesSecurityIdentifier":{},"onPremisesSyncEnabled":{},"preferredDataLocation":{},"proxyAddresses":{"type":"array","items":{"type":"string"}},"renewedDateTime":{"type":"string"},"resourceBehaviorOptions":{"type":"array"},"resourceProvisioningOptions":{"type":"array"},"securityEnabled":{"type":"boolean"},"visibility":{"type":"string"},"onPremisesProvisioningErrors":{"type":"array"}}}}},"Set_Owner_on_the_newly_created_Group":{"actions":{"Get_user_profile_(V2)":{"runAfter":{},"metadata":{"flowSystemMetadata":{"swaggerOperationId":"UserProfile_V2"}},"type":"ApiConnection","inputs":{"host":{"connection":{"name":"@parameters('$connections')['shared_office365users']['connectionId']"},"api":{"runtimeUrl":"https://australia-001.azure-apim.net/apim/office365users"}},"method":"get","path":"/codeless/v1.0/users/@{encodeURIComponent(body('Record_Approval')?['Author']?['Email'])}","queries":{"$select":"Id"},"authentication":"@parameters('$authentication')"}},"Set_Group_Owner":{"runAfter":{"Get_user_profile_(V2)":["Succeeded"]},"type":"Http","inputs":{"method":"POST","uri":"https://graph.microsoft.com/v1.0/groups/@{body('Parse_JSON_from_previous_Group_Creation')?['id']}/owners/$ref","body":{"@@odata.id":"https://graph.microsoft.com/v1.0/users/@{body('Get_user_profile_(V2)')?['id']}"},"authentication":{"type":"ActiveDirectoryOAuth","tenant":"@variables('TenantID')","audience":"https://graph.microsoft.com","clientId":"@variables('ClientID')","secret":"@variables('ClientSecret')"}}}},"runAfter":{"Parse_JSON_from_previous_Group_Creation":["Succeeded"]},"type":"Scope"},"Parse_Teams_Creation_JSON":{"runAfter":{"Convert_the_previouly_created_group_to_MS_Teams":["Succeeded"]},"type":"ParseJson","inputs":{"content":"@body('Convert_the_previouly_created_group_to_MS_Teams')","schema":{"type":"object","properties":{"@@odata.context":{"type":"string"},"id":{"type":"string"},"displayName":{"type":"string"},"description":{"type":"string"},"internalId":{"type":"string"},"webUrl":{"type":"string"},"isArchived":{},"discoverySettings":{},"memberSettings":{"type":"object","properties":{"allowCreateUpdateChannels":{"type":"boolean"},"allowDeleteChannels":{"type":"boolean"},"allowAddRemoveApps":{"type":"boolean"},"allowCreateUpdateRemoveTabs":{"type":"boolean"},"allowCreateUpdateRemoveConnectors":{"type":"boolean"}}},"guestSettings":{"type":"object","properties":{"allowCreateUpdateChannels":{"type":"boolean"},"allowDeleteChannels":{"type":"boolean"}}},"messagingSettings":{"type":"object","properties":{"allowUserEditMessages":{"type":"boolean"},"allowUserDeleteMessages":{"type":"boolean"},"allowOwnerDeleteMessages":{"type":"boolean"},"allowTeamMentions":{"type":"boolean"},"allowChannelMentions":{"type":"boolean"}}},"funSettings":{"type":"object","properties":{"allowGiphy":{"type":"boolean"},"giphyContentRating":{"type":"string"},"allowStickersAndMemes":{"type":"boolean"},"allowCustomMemes":{"type":"boolean"}}}}}}}},"runAfter":{"Record_Approval":["Succeeded"]},"else":{"actions":{"Inform_item_creator_of_rejection":{"runAfter":{},"metadata":{"flowSystemMetadata":{"swaggerOperationId":"SendEmail"}},"type":"ApiConnection","inputs":{"host":{"connection":{"name":"@parameters('$connections')['shared_office365']['connectionId']"},"api":{"runtimeUrl":"https://australia-001.azure-apim.net/apim/office365"}},"method":"post","body":{"To":"@{triggerBody()?['Author']?['Email']};@{body('Record_Approval')?['GroupOwner']?['Email']};","Subject":"Rejected:@{triggerBody()?['Title']}  Group Creation Request","Body":"Your request for @{triggerBody()?['Title']} has been rejected by @{body('Start_an_approval')?['responder']?['displayName']}. Comments (if any): @{body('Start_an_approval')?['comments']}"},"path":"/Mail","authentication":"@parameters('$authentication')"}}}},"expression":"@equals(body('Start_an_approval')?['response'], 'Approve')","type":"If"},"Record_Approval":{"runAfter":{"Start_an_approval":["Succeeded"]},"metadata":{"flowSystemMetadata":{"swaggerOperationId":"PatchItem"}},"type":"ApiConnection","inputs":{"host":{"connection":{"name":"@parameters('$connections')['shared_sharepointonline']['connectionId']"},"api":{"runtimeUrl":"https://australia-001.azure-apim.net/apim/sharepointonline"}},"method":"patch","body":{"Title":"@triggerBody()?['Title']","Description":"@triggerBody()?['Description']","EmailAlias":"@triggerBody()?['EmailAlias']","EmailEnabled":"@triggerBody()?['EmailEnabled']","GroupOwner":{"@@odata.type":"#Microsoft.Azure.Connectors.SharePoint.SPListExpandedUser","Claims":"@triggerBody()?['GroupOwner']?['Claims']"},"IsPrivate":"@triggerBody()?['IsPrivate']","CreateTeam":"@triggerBody()?['CreateTeam']","TeamChannel1Name":"@triggerBody()?['TeamChannel1Name']","TeamChannel1Description":"@triggerBody()?['TeamChannel1Description']","TeamChannel2Name":"@triggerBody()?['TeamChannel2Name']","TeamChannel2Description":"@triggerBody()?['TeamChannel2Description']","createPlanner":"@triggerBody()?['createPlanner']","PlannerTitle":"@triggerBody()?['PlannerTitle']","CreateNotebook":"@triggerBody()?['CreateNotebook']","NotebookTitle":"@triggerBody()?['NotebookTitle']","Status":{"@@odata.type":"#Microsoft.Azure.Connectors.SharePoint.SPListExpandedReference","Value":"@{if(equals(body('Start_an_approval')?['response'], 'Approve'), 'Approved', 'Rejected')}"},"History":"@{triggerBody()?['History']}\n@{concat(convertTimeZone(utcnow(),'UTC','Eastern Standard Time','MM/dd/yyyy HH:mm:ss tt'), ' : ', body('Start_an_approval')?['response'], 'd by ', body('Start_an_approval')?['responder']?['email'], ' with the following comments: ', body('Start_an_approval')?['comments'])}"},"path":"/datasets/@{encodeURIComponent(encodeURIComponent('https://m365x432826.sharepoint.com/'))}/tables/@{encodeURIComponent(encodeURIComponent('dbeca040-1426-4bac-b627-d8bba65f2431'))}/items/@{encodeURIComponent(triggerBody()?['ID'])}","authentication":"@parameters('$authentication')"}},"TenantID":{"runAfter":{},"type":"InitializeVariable","inputs":{"variables":[{"name":"TenantID","type":"String","value":"d4ea0a05-80e7-476d-826c-04659ee0ff11"}]}},"ClientID":{"runAfter":{"KV_ClientSecret":["Succeeded"]},"type":"InitializeVariable","inputs":{"variables":[{"name":"ClientID","type":"String","value":"@body('KV_ClientID')?['value']"}]}},"ClientSecret":{"runAfter":{"ClientID":["Succeeded"]},"type":"InitializeVariable","inputs":{"variables":[{"name":"ClientSecret","type":"String","value":"58v72mVdUG]-FSsyTIIGzTULKNrq*dN_"}]}},"List_keys":{"runAfter":{"TenantID":["Succeeded"]},"metadata":{"flowSystemMetadata":{"swaggerOperationId":"ListKeys"}},"type":"ApiConnection","inputs":{"host":{"connection":{"name":"@parameters('$connections')['shared_keyvault_8']['connectionId']"},"api":{"runtimeUrl":"https://australia-001.azure-apim.net/apim/keyvault"}},"method":"get","path":"/keys","authentication":"@parameters('$authentication')"}},"KV_ClientID":{"runAfter":{"List_keys":["Succeeded"]},"metadata":{"flowSystemMetadata":{"swaggerOperationId":"GetSecret"}},"type":"ApiConnection","inputs":{"host":{"connection":{"name":"@parameters('$connections')['shared_keyvault_8']['connectionId']"},"api":{"runtimeUrl":"https://australia-001.azure-apim.net/apim/keyvault"}},"method":"get","path":"/secrets/@{encodeURIComponent('M365FlowClientID')}/value","authentication":"@parameters('$authentication')"}},"KV_ClientSecret":{"runAfter":{"KV_ClientID":["Succeeded"]},"metadata":{"flowSystemMetadata":{"swaggerOperationId":"GetSecret"}},"type":"ApiConnection","inputs":{"host":{"connection":{"name":"@parameters('$connections')['shared_keyvault_8']['connectionId']"},"api":{"runtimeUrl":"https://australia-001.azure-apim.net/apim/keyvault"}},"method":"get","path":"/secrets/@{encodeURIComponent('M365FlowClientSecret')}/value","authentication":"@parameters('$authentication')"}}},"description":"Use this template for processing approvals on SharePoint list items. The approver can view their approval requests in the Approvals Center and over email. Once an item is approved or rejected, the item creator is sent a confirmation email."},"connectionReferences":{"shared_approvals":{"connectionName":"shared-approvals-ef668ceb-bf67-4931-9532-31d7b883af40","source":"Embedded","id":"/providers/Microsoft.PowerApps/apis/shared_approvals","tier":"NotSpecified"},"shared_office365":{"connectionName":"shared-office365-dd18a148-08ce-438f-b790-563443696f74","source":"Embedded","id":"/providers/Microsoft.PowerApps/apis/shared_office365","tier":"NotSpecified"},"shared_sharepointonline":{"connectionName":"ae0b3a4a86fd42d89b137668aa3bf6f3","source":"Embedded","id":"/providers/Microsoft.PowerApps/apis/shared_sharepointonline","tier":"NotSpecified"},"shared_office365users":{"connectionName":"shared-office365user-ddb58002-1126-49c8-aff8-8406e353d591","source":"Embedded","id":"/providers/Microsoft.PowerApps/apis/shared_office365users","tier":"NotSpecified"},"shared_keyvault_8":{"connectionName":"shared-keyvault-e4754726-d5da-4f80-8d46-907c4e74c3eb","source":"Embedded","id":"/providers/Microsoft.PowerApps/apis/shared_keyvault","tier":"NotSpecified"}},"flowFailureAlertSubscribed":false}}